brzoza1.jpg	brzoza 	    
brzoza2.jpg	brzoza 	    
brzoza3.jpg	brzoza 	   
brzoza4.jpg	brzoza 	 
brzoza5.jpg	brzoza 	 
brzoza6.jpg	brzoza 	 
klon1.jpg	klon
klon2.jpg	klon
klon3.jpg	klon
klon4.jpg	klon
klon5.jpg	klon
klon6.jpg	klon
klon7.jpg	klon
dab1.jpg	dab
dab2.jpg	dab
dab3.jpg	dab
dab4.jpg	dab
dab5.jpg	dab
dab6.jpg	dab
grab1.jpg	grab
grab2.jpg	grab
grab3.jpg	grab
grab4.jpg	grab
grab5.jpg	grab
grab6.jpg	grab
grab7.jpg	grab
grab8.jpg	grab
grab9.jpg	grab
grab10.jpg	grab
grab11.jpg	grab
kasztanowiec1.jpg	kasztanowiec
kasztanowiec2.jpg	kasztanowiec
kasztanowiec3.jpg	kasztanowiec
kasztanowiec4.jpg	kasztanowiec
kasztanowiec5.jpg	kasztanowiec
kasztanowiec6.jpg	kasztanowiec
kasztanowiec7.jpg	kasztanowiec
kasztanowiec8.jpg	kasztanowiec
kasztanowiec9.jpg	kasztanowiec
kasztanowiec10.jpg	kasztanowiec



